model,split,mae,rmse,r2,r2_std
KNeighbors,grouped-city-cv,37.27461826053985,46.01894055634257,0.4299580760896042,0.17403862476352017
ExtraTrees,grouped-city-cv,37.967921783351045,47.73233205092956,0.42202948376931415,0.374831561549257
GradientBoosting,grouped-city-cv,42.974593660086846,53.3414838994522,0.2733032997101567,0.28384667099403066
Ridge,grouped-city-cv,47.14776258438127,60.489956245824274,0.0006128307900141073,0.3348754584774739
